category	val_acc	struct_acc	rnd_acc	Time	Epochs
kmz	0.9975	0.997	1.0	15m19s	13
pptx	0.995	0.988	1.0	86m22s	58
pdf	0.9725	0.948	1.0	38m30s	32
jpg	0.99142855	0.987	0.997	61m19s	55
dwf	0.9992857	1.0	1.0	23m55s	12
png	0.9596428	0.917	1.0	58m41s	35
gif	0.925	0.846	1.0	45m08s	36
ps	1.0	0.999	1.0	11m13s	11
doc	0.9992857	0.998	1.0	10m43s	11
ppt	0.99035716	0.976	1.0	63m26s	56
gz	0.99642855	0.99	1.0	56m46s	27
pps	0.9692857	0.95	1.0	82m17s	67
swf	0.95857143	0.917	1.0	23m29s	18
