category	val_acc	struct_acc	rnd_acc	Time	Epochs
doc	0.99714285	0.992	0.998	10m36s	16
pdf	0.95535713	0.935	0.983	34m50s	54
ppt	0.9714286	0.966	0.99	36m23s	59
png	0.94714284	0.909	0.97	41m15s	65
dwf	0.92035717	0.903	0.958	22m07s	29
gif	0.9667857	0.957	0.983	25m13s	40
swf	0.95714283	0.952	0.971	35m53s	48
jpg	0.9717857	0.983	0.968	38m17s	57
kmz	0.9475	0.935	0.963	24m32s	36
gz	0.94607145	0.949	0.948	24m10s	33
pptx	0.96107143	0.929	0.98	36m53s	53
pps	0.9753571	0.982	0.97	38m32s	57
